"AED","2006","Q1","0.155355333333333"
"AED","2006","Q2","0.149106333333333"
"AED","2006","Q3","0.145179"
"AED","2006","Q4","0.142116666666667"
"AED","2007","Q1","0.139321666666667"
"AED","2007","Q2","0.137134333333333"
"AED","2007","Q3","0.134710666666667"
"AED","2007","Q4","0.133351666666667"
"AED","2008","Q1","0.137708333333333"
"AED","2008","Q2","0.138060333333333"
"AED","2008","Q3","0.144201"
"AED","2008","Q4","0.174095"
"AED","2009","Q1","0.189617"
"AED","2009","Q2","0.175956"
"AED","2009","Q3","0.165983"
"AED","2009","Q4","0.166782666666667"
"AED","2010","Q1","0.174716666666667"
"AED","2010","Q2","0.182586333333333"
"AED","2010","Q3","0.175599666666667"
"AED","2010","Q4","0.172218666666667"
"AED","2011","Q1","0.169966333333333"
"AED","2011","Q2","0.166924666666667"
"AED","2011","Q3","0.169069"
"AED","2011","Q4","0.173159"
"AED","2012","Q1","0.173264333333333"
"AED","2012","Q2","0.172072666666667"
"AED","2012","Q3","0.172256"
"AED","2012","Q4","0.169569666666667"
"AED","2013","Q1","0.175578333333333"
"AED","2013","Q2","0.177301666666667"
"AED","2013","Q3","0.175573666666667"
"AED","2013","Q4","0.168189666666667"
"AED","2014","Q1","0.164493333333333"
"AED","2014","Q2","0.161751666666667"
"AED","2014","Q3","0.163191333333333"
"AED","2014","Q4","0.172084333333333"
"AED","2015","Q1","0.179768333333333"
"AED","2015","Q2","0.177709"
"AED","2015","Q3","0.175808"
"AED","2015","Q4","0.179523"
"ARS","2006","Q1","0.186332"
"ARS","2006","Q2","0.178549"
"ARS","2006","Q3","0.172830666666667"
"ARS","2006","Q4","0.169615666666667"
"ARS","2007","Q1","0.165262666666667"
"ARS","2007","Q2","0.163348333333333"
"ARS","2007","Q3","0.157729666666667"
"ARS","2007","Q4","0.155642666666667"
"ARS","2008","Q1","0.160382333333333"
"ARS","2008","Q2","0.162525"
"ARS","2008","Q3","0.173851333333333"
"ARS","2008","Q4","0.191989"
"ARS","2009","Q1","0.196713333333333"
"ARS","2009","Q2","0.173385333333333"
"ARS","2009","Q3","0.159208"
"ARS","2009","Q4","0.160646333333333"
"ARS","2010","Q1","0.167170333333333"
"ARS","2010","Q2","0.172010333333333"
"ARS","2010","Q3","0.163697666666667"
"ARS","2010","Q4","0.159676333333333"
"ARS","2011","Q1","0.155655333333333"
"ARS","2011","Q2","0.150270666666667"
"ARS","2011","Q3","0.149198666666667"
"ARS","2011","Q4","0.149486"
"ARS","2012","Q1","0.146694"
"ARS","2012","Q2","0.142237333333333"
"ARS","2012","Q3","0.137345666666667"
"ARS","2012","Q4","0.129788"
"ARS","2013","Q1","0.128584"
"ARS","2013","Q2","0.124332"
"ARS","2013","Q3","0.115613333333333"
"ARS","2013","Q4","0.102002666666667"
"ARS","2014","Q1","0.0803013333333333"
"ARS","2014","Q2","0.0737673333333333"
"ARS","2014","Q3","0.0722843333333333"
"ARS","2014","Q4","0.0742656666666667"
"ARS","2015","Q1","0.07603"
"ARS","2015","Q2","0.0729506666666667"
"ARS","2015","Q3","0.0698263333333333"
"ARS","2015","Q4","0.0655926666666667"
"AUD","2006","Q1","0.421778333333333"
"AUD","2006","Q2","0.408836666666667"
"AUD","2006","Q3","0.403671"
"AUD","2006","Q4","0.402180333333333"
"AUD","2007","Q1","0.402165"
"AUD","2007","Q2","0.41869"
"AUD","2007","Q3","0.418866666666667"
"AUD","2007","Q4","0.435354"
"AUD","2008","Q1","0.457565333333333"
"AUD","2008","Q2","0.47847"
"AUD","2008","Q3","0.468810666666667"
"AUD","2008","Q4","0.428125"
"AUD","2009","Q1","0.462551"
"AUD","2009","Q2","0.491047333333333"
"AUD","2009","Q3","0.507967333333333"
"AUD","2009","Q4","0.556483"
"AUD","2010","Q1","0.579270666666667"
"AUD","2010","Q2","0.592077"
"AUD","2010","Q3","0.583226333333333"
"AUD","2010","Q4","0.624970666666667"
"AUD","2011","Q1","0.627797333333333"
"AUD","2011","Q2","0.651527333333333"
"AUD","2011","Q3","0.652232"
"AUD","2011","Q4","0.643892666666667"
"AUD","2012","Q1","0.671551333333333"
"AUD","2012","Q2","0.638327333333333"
"AUD","2012","Q3","0.657697333333333"
"AUD","2012","Q4","0.646569666666667"
"AUD","2013","Q1","0.669594"
"AUD","2013","Q2","0.644948"
"AUD","2013","Q3","0.590344"
"AUD","2013","Q4","0.572743"
"AUD","2014","Q1","0.541668"
"AUD","2014","Q2","0.554222333333333"
"AUD","2014","Q3","0.554057"
"AUD","2014","Q4","0.540269333333333"
"AUD","2015","Q1","0.519232"
"AUD","2015","Q2","0.507369"
"AUD","2015","Q3","0.468313333333333"
"AUD","2015","Q4","0.474686"
"BGN","2006","Q1","0.350805"
"BGN","2006","Q2","0.351616666666667"
"BGN","2006","Q3","0.347799"
"BGN","2006","Q4","0.344706666666667"
"BGN","2007","Q1","0.342759"
"BGN","2007","Q2","0.347293333333333"
"BGN","2007","Q3","0.347790333333333"
"BGN","2007","Q4","0.362568666666667"
"BGN","2008","Q1","0.387372666666667"
"BGN","2008","Q2","0.405175"
"BGN","2008","Q3","0.406256"
"BGN","2008","Q4","0.430671"
"BGN","2009","Q1","0.464493"
"BGN","2009","Q2","0.450035666666667"
"BGN","2009","Q3","0.445773"
"BGN","2009","Q4","0.462173333333333"
"BGN","2010","Q1","0.453417"
"BGN","2010","Q2","0.436584333333333"
"BGN","2010","Q3","0.426726"
"BGN","2010","Q4","0.439681333333333"
"BGN","2011","Q1","0.436516333333333"
"BGN","2011","Q2","0.451538"
"BGN","2011","Q3","0.449304666666667"
"BGN","2011","Q4","0.438587666666667"
"BGN","2012","Q1","0.426635"
"BGN","2012","Q2","0.41479"
"BGN","2012","Q3","0.404915666666667"
"BGN","2012","Q4","0.412809"
"BGN","2013","Q1","0.434764"
"BGN","2013","Q2","0.434275333333333"
"BGN","2013","Q3","0.436442"
"BGN","2013","Q4","0.429937"
"BGN","2014","Q1","0.423294666666667"
"BGN","2014","Q2","0.416650333333333"
"BGN","2014","Q3","0.405885333333333"
"BGN","2014","Q4","0.403377333333333"
"BGN","2015","Q1","0.380122666666667"
"BGN","2015","Q2","0.369301333333333"
"BGN","2015","Q3","0.367288333333333"
"BGN","2015","Q4","0.369027666666667"
"BHD","2006","Q1","1.514112"
"BHD","2006","Q2","1.45317366666667"
"BHD","2006","Q3","1.415093"
"BHD","2006","Q4","1.38470533333333"
"BHD","2007","Q1","1.356995"
"BHD","2007","Q2","1.33640133333333"
"BHD","2007","Q3","1.31322"
"BHD","2007","Q4","1.30157733333333"
"BHD","2008","Q1","1.343705"
"BHD","2008","Q2","1.34573433333333"
"BHD","2008","Q3","1.40509966666667"
"BHD","2008","Q4","1.69664933333333"
"BHD","2009","Q1","1.847763"
"BHD","2009","Q2","1.71488966666667"
"BHD","2009","Q3","1.61706766666667"
"BHD","2009","Q4","1.62477433333333"
"BHD","2010","Q1","1.70236"
"BHD","2010","Q2","1.778768"
"BHD","2010","Q3","1.710674"
"BHD","2010","Q4","1.67779233333333"
"BHD","2011","Q1","1.65575433333333"
"BHD","2011","Q2","1.62636133333333"
"BHD","2011","Q3","1.647173"
"BHD","2011","Q4","1.68755433333333"
"BHD","2012","Q1","1.68812533333333"
"BHD","2012","Q2","1.67677933333333"
"BHD","2012","Q3","1.67920433333333"
"BHD","2012","Q4","1.65297466666667"
"BHD","2013","Q1","1.71042433333333"
"BHD","2013","Q2","1.727348"
"BHD","2013","Q3","1.71040733333333"
"BHD","2013","Q4","1.63847933333333"
"BHD","2014","Q1","1.602495"
"BHD","2014","Q2","1.57566266666667"
"BHD","2014","Q3","1.58969466666667"
"BHD","2014","Q4","1.67646233333333"
"BHD","2015","Q1","1.751299"
"BHD","2015","Q2","1.731562"
"BHD","2015","Q3","1.71202066666667"
"BHD","2015","Q4","1.74835666666667"
"BRL","2006","Q1","0.260640666666667"
"BRL","2006","Q2","0.250902333333333"
"BRL","2006","Q3","0.245629666666667"
"BRL","2006","Q4","0.242779333333333"
"BRL","2007","Q1","0.242806333333333"
"BRL","2007","Q2","0.254166"
"BRL","2007","Q3","0.258208333333333"
"BRL","2007","Q4","0.274516333333333"
"BRL","2008","Q1","0.290732666666667"
"BRL","2008","Q2","0.306681333333333"
"BRL","2008","Q3","0.31799"
"BRL","2008","Q4","0.279586"
"BRL","2009","Q1","0.300739333333333"
"BRL","2009","Q2","0.311475333333333"
"BRL","2009","Q3","0.326556333333333"
"BRL","2009","Q4","0.351816666666667"
"BRL","2010","Q1","0.355785"
"BRL","2010","Q2","0.374141666666667"
"BRL","2010","Q3","0.368710333333333"
"BRL","2010","Q4","0.372689333333333"
"BRL","2011","Q1","0.374384333333333"
"BRL","2011","Q2","0.384445333333333"
"BRL","2011","Q3","0.380898"
"BRL","2011","Q4","0.353622333333333"
"BRL","2012","Q1","0.360153333333333"
"BRL","2012","Q2","0.322875333333333"
"BRL","2012","Q3","0.312066666666667"
"BRL","2012","Q4","0.302538"
"BRL","2013","Q1","0.323056666666667"
"BRL","2013","Q2","0.315164333333333"
"BRL","2013","Q3","0.281966"
"BRL","2013","Q4","0.271483"
"BRL","2014","Q1","0.255874666666667"
"BRL","2014","Q2","0.266545"
"BRL","2014","Q3","0.263355"
"BRL","2014","Q4","0.248161333333333"
"BRL","2015","Q1","0.231477"
"BRL","2015","Q2","0.212445666666667"
"BRL","2015","Q3","0.183183"
"BRL","2015","Q4","0.171304333333333"
"CAD","2006","Q1","0.494234"
"CAD","2006","Q2","0.487803666666667"
"CAD","2006","Q3","0.475943333333333"
"CAD","2006","Q4","0.458294"
"CAD","2007","Q1","0.4368"
"CAD","2007","Q2","0.458835666666667"
"CAD","2007","Q3","0.473335666666667"
"CAD","2007","Q4","0.499565333333333"
"CAD","2008","Q1","0.503330333333333"
"CAD","2008","Q2","0.502063666666667"
"CAD","2008","Q3","0.508693"
"CAD","2008","Q4","0.527004666666667"
"CAD","2009","Q1","0.560032"
"CAD","2009","Q2","0.553761"
"CAD","2009","Q3","0.555411666666667"
"CAD","2009","Q4","0.579458666666667"
"CAD","2010","Q1","0.616472666666667"
"CAD","2010","Q2","0.652110333333333"
"CAD","2010","Q3","0.620499333333333"
"CAD","2010","Q4","0.624614"
"CAD","2011","Q1","0.633188666666667"
"CAD","2011","Q2","0.633372333333333"
"CAD","2011","Q3","0.634008666666667"
"CAD","2011","Q4","0.621674"
"CAD","2012","Q1","0.635293"
"CAD","2012","Q2","0.625446333333333"
"CAD","2012","Q3","0.635821333333333"
"CAD","2012","Q4","0.628099333333333"
"CAD","2013","Q1","0.639366333333333"
"CAD","2013","Q2","0.636212666666667"
"CAD","2013","Q3","0.620689333333333"
"CAD","2013","Q4","0.588670666666667"
"CAD","2014","Q1","0.547939333333333"
"CAD","2014","Q2","0.544850666666667"
"CAD","2014","Q3","0.550379333333333"
"CAD","2014","Q4","0.556316666666667"
"CAD","2015","Q1","0.53225"
"CAD","2015","Q2","0.530762"
"CAD","2015","Q3","0.493514333333333"
"CAD","2015","Q4","0.493776"
"CHF","2006","Q1","0.440061"
"CHF","2006","Q2","0.440044"
"CHF","2006","Q3","0.431159666666667"
"CHF","2006","Q4","0.422470333333333"
"CHF","2007","Q1","0.414770666666667"
"CHF","2007","Q2","0.412042666666667"
"CHF","2007","Q3","0.412915333333333"
"CHF","2007","Q4","0.427643666666667"
"CHF","2008","Q1","0.47381"
"CHF","2008","Q2","0.491801333333333"
"CHF","2008","Q3","0.493105666666667"
"CHF","2008","Q4","0.552425666666667"
"CHF","2009","Q1","0.607127666666667"
"CHF","2009","Q2","0.580959666666667"
"CHF","2009","Q3","0.574004"
"CHF","2009","Q4","0.599266333333333"
"CHF","2010","Q1","0.606438666666667"
"CHF","2010","Q2","0.605517"
"CHF","2010","Q3","0.625301333333333"
"CHF","2010","Q4","0.649353"
"CHF","2011","Q1","0.663161333333333"
"CHF","2011","Q2","0.705193333333333"
"CHF","2011","Q3","0.754173333333333"
"CHF","2011","Q4","0.697418"
"CHF","2012","Q1","0.690878666666667"
"CHF","2012","Q2","0.675131"
"CHF","2012","Q3","0.657847666666667"
"CHF","2012","Q4","0.669029"
"CHF","2013","Q1","0.693201666666667"
"CHF","2013","Q2","0.690989333333333"
"CHF","2013","Q3","0.692317666666667"
"CHF","2013","Q4","0.683991333333333"
"CHF","2014","Q1","0.676801666666667"
"CHF","2014","Q2","0.668278333333333"
"CHF","2014","Q3","0.655235666666667"
"CHF","2014","Q4","0.655047"
"CHF","2015","Q1","0.693548"
"CHF","2015","Q2","0.693591333333333"
"CHF","2015","Q3","0.669406"
"CHF","2015","Q4","0.665529333333333"
"CLP","2006","Q1","0.001084"
"CLP","2006","Q2","0.00103966666666667"
"CLP","2006","Q3","0.000989333333333333"
"CLP","2006","Q4","0.000987333333333333"
"CLP","2007","Q1","0.000948666666666667"
"CLP","2007","Q2","0.000956"
"CLP","2007","Q3","0.000952666666666667"
"CLP","2007","Q4","0.000976333333333333"
"CLP","2008","Q1","0.00109133333333333"
"CLP","2008","Q2","0.00107866666666667"
"CLP","2008","Q3","0.00102466666666667"
"CLP","2008","Q4","0.000998"
"CLP","2009","Q1","0.00114833333333333"
"CLP","2009","Q2","0.00113966666666667"
"CLP","2009","Q3","0.00111766666666667"
"CLP","2009","Q4","0.00118366666666667"
"CLP","2010","Q1","0.00123466666666667"
"CLP","2010","Q2","0.001262"
"CLP","2010","Q3","0.00126266666666667"
"CLP","2010","Q4","0.00131733333333333"
"CLP","2011","Q1","0.00129766666666667"
"CLP","2011","Q2","0.00130633333333333"
"CLP","2011","Q3","0.00131733333333333"
"CLP","2011","Q4","0.00124366666666667"
"CLP","2012","Q1","0.00130233333333333"
"CLP","2012","Q2","0.00127433333333333"
"CLP","2012","Q3","0.00131166666666667"
"CLP","2012","Q4","0.001303"
"CLP","2013","Q1","0.00136433333333333"
"CLP","2013","Q2","0.001343"
"CLP","2013","Q3","0.00127133333333333"
"CLP","2013","Q4","0.001197"
"CLP","2014","Q1","0.00109566666666667"
"CLP","2014","Q2","0.00107133333333333"
"CLP","2014","Q3","0.001038"
"CLP","2014","Q4","0.001057"
"CLP","2015","Q1","0.00105733333333333"
"CLP","2015","Q2","0.00105666666666667"
"CLP","2015","Q3","0.000955333333333333"
"CLP","2015","Q4","0.000945"
"CNY","2006","Q1","0.0708783333333333"
"CNY","2006","Q2","0.0683663333333333"
"CNY","2006","Q3","0.0669656666666667"
"CNY","2006","Q4","0.0663833333333333"
"CNY","2007","Q1","0.065934"
"CNY","2007","Q2","0.0655983333333333"
"CNY","2007","Q3","0.0654616666666667"
"CNY","2007","Q4","0.0658883333333333"
"CNY","2008","Q1","0.0706043333333333"
"CNY","2008","Q2","0.0728823333333333"
"CNY","2008","Q3","0.0773943333333333"
"CNY","2008","Q4","0.0934676666666667"
"CNY","2009","Q1","0.101879333333333"
"CNY","2009","Q2","0.0945993333333333"
"CNY","2009","Q3","0.0892223333333333"
"CNY","2009","Q4","0.0897013333333333"
"CNY","2010","Q1","0.093963"
"CNY","2010","Q2","0.0982546666666667"
"CNY","2010","Q3","0.09526"
"CNY","2010","Q4","0.095019"
"CNY","2011","Q1","0.0948666666666667"
"CNY","2011","Q2","0.0943146666666667"
"CNY","2011","Q3","0.0967683333333333"
"CNY","2011","Q4","0.100029666666667"
"CNY","2012","Q1","0.100871333333333"
"CNY","2012","Q2","0.0998506666666667"
"CNY","2012","Q3","0.099596"
"CNY","2012","Q4","0.0996633333333333"
"CNY","2013","Q1","0.103592666666667"
"CNY","2013","Q2","0.105786666666667"
"CNY","2013","Q3","0.105256333333333"
"CNY","2013","Q4","0.101423666666667"
"CNY","2014","Q1","0.099043"
"CNY","2014","Q2","0.095341"
"CNY","2014","Q3","0.0972426666666667"
"CNY","2014","Q4","0.102801333333333"
"CNY","2015","Q1","0.105877"
"CNY","2015","Q2","0.105255333333333"
"CNY","2015","Q3","0.102452666666667"
"CNY","2015","Q4","0.103176"
"CZK","2006","Q1","0.0240033333333333"
"CZK","2006","Q2","0.0242376666666667"
"CZK","2006","Q3","0.0239956666666667"
"CZK","2006","Q4","0.024026"
"CZK","2007","Q1","0.023913"
"CZK","2007","Q2","0.0240306666666667"
"CZK","2007","Q3","0.024368"
"CZK","2007","Q4","0.0264776666666667"
"CZK","2008","Q1","0.0296563333333333"
"CZK","2008","Q2","0.0319506666666667"
"CZK","2008","Q3","0.032999"
"CZK","2008","Q4","0.0331593333333333"
"CZK","2009","Q1","0.032918"
"CZK","2009","Q2","0.0330306666666667"
"CZK","2009","Q3","0.0340813333333333"
"CZK","2009","Q4","0.0348456666666667"
"CZK","2010","Q1","0.0342803333333333"
"CZK","2010","Q2","0.0333896666666667"
"CZK","2010","Q3","0.0334426666666667"
"CZK","2010","Q4","0.0346943333333333"
"CZK","2011","Q1","0.0350336666666667"
"CZK","2011","Q2","0.03629"
"CZK","2011","Q3","0.0360116666666667"
"CZK","2011","Q4","0.0339383333333333"
"CZK","2012","Q1","0.0332893333333333"
"CZK","2012","Q2","0.032139"
"CZK","2012","Q3","0.0315953333333333"
"CZK","2012","Q4","0.0321143333333333"
"CZK","2013","Q1","0.0333353333333333"
"CZK","2013","Q2","0.03294"
"CZK","2013","Q3","0.0330666666666667"
"CZK","2013","Q4","0.0315346666666667"
"CZK","2014","Q1","0.0301703333333333"
"CZK","2014","Q2","0.0296846666666667"
"CZK","2014","Q3","0.028736"
"CZK","2014","Q4","0.0285476666666667"
"CZK","2015","Q1","0.026914"
"CZK","2015","Q2","0.026367"
"CZK","2015","Q3","0.026522"
"CZK","2015","Q4","0.0266803333333333"
"DKK","2006","Q1","0.0919473333333333"
"DKK","2006","Q2","0.092254"
"DKK","2006","Q3","0.0911336666666667"
"DKK","2006","Q4","0.0902856666666667"
"DKK","2007","Q1","0.0899693333333333"
"DKK","2007","Q2","0.0911563333333333"
"DKK","2007","Q3","0.091387"
"DKK","2007","Q4","0.095114"
"DKK","2008","Q1","0.101644333333333"
"DKK","2008","Q2","0.106235666666667"
"DKK","2008","Q3","0.106516666666667"
"DKK","2008","Q4","0.112994333333333"
"DKK","2009","Q1","0.12191"
"DKK","2009","Q2","0.118134666666667"
"DKK","2009","Q3","0.117118666666667"
"DKK","2009","Q4","0.12147"
"DKK","2010","Q1","0.119176666666667"
"DKK","2010","Q2","0.114725333333333"
"DKK","2010","Q3","0.111849333333333"
"DKK","2010","Q4","0.115307666666667"
"DKK","2011","Q1","0.114542666666667"
"DKK","2011","Q2","0.118309666666667"
"DKK","2011","Q3","0.117785"
"DKK","2011","Q4","0.115237333333333"
"DKK","2012","Q1","0.112235333333333"
"DKK","2012","Q2","0.109085666666667"
"DKK","2012","Q3","0.106347333333333"
"DKK","2012","Q4","0.108315"
"DKK","2013","Q1","0.114172666666667"
"DKK","2013","Q2","0.114080333333333"
"DKK","2013","Q3","0.11455"
"DKK","2013","Q4","0.112730333333333"
"DKK","2014","Q1","0.110930666666667"
"DKK","2014","Q2","0.109174666666667"
"DKK","2014","Q3","0.106511666666667"
"DKK","2014","Q4","0.106005333333333"
"DKK","2015","Q1","0.0997973333333333"
"DKK","2015","Q2","0.0967666666666667"
"DKK","2015","Q3","0.0962503333333333"
"DKK","2015","Q4","0.0966833333333333"
"EUR","2006","Q1","0.686063666666667"
"EUR","2006","Q2","0.687929"
"EUR","2006","Q3","0.679796"
"EUR","2006","Q4","0.672879"
"EUR","2007","Q1","0.670385666666667"
"EUR","2007","Q2","0.67901"
"EUR","2007","Q3","0.680268"
"EUR","2007","Q4","0.709063666666667"
"EUR","2008","Q1","0.757687333333333"
"EUR","2008","Q2","0.792265"
"EUR","2008","Q3","0.794381"
"EUR","2008","Q4","0.842273333333333"
"EUR","2009","Q1","0.908356"
"EUR","2009","Q2","0.879568666666667"
"EUR","2009","Q3","0.871706666666667"
"EUR","2009","Q4","0.903917333333333"
"EUR","2010","Q1","0.886874666666667"
"EUR","2010","Q2","0.8539"
"EUR","2010","Q3","0.833178"
"EUR","2010","Q4","0.859437"
"EUR","2011","Q1","0.853799666666667"
"EUR","2011","Q2","0.882182666666667"
"EUR","2011","Q3","0.877522"
"EUR","2011","Q4","0.857318333333333"
"EUR","2012","Q1","0.834456666666667"
"EUR","2012","Q2","0.81112"
"EUR","2012","Q3","0.791883"
"EUR","2012","Q4","0.807967"
"EUR","2013","Q1","0.851575333333333"
"EUR","2013","Q2","0.850434"
"EUR","2013","Q3","0.854288666666667"
"EUR","2013","Q4","0.840921333333333"
"EUR","2014","Q1","0.827821333333333"
"EUR","2014","Q2","0.814756"
"EUR","2014","Q3","0.793713666666667"
"EUR","2014","Q4","0.788907666666667"
"EUR","2015","Q1","0.743364333333333"
"EUR","2015","Q2","0.722162666666667"
"EUR","2015","Q3","0.718213"
"EUR","2015","Q4","0.721846"
"HKD","2006","Q1","0.0735483333333333"
"HKD","2006","Q2","0.070598"
"HKD","2006","Q3","0.068584"
"HKD","2006","Q4","0.067088"
"HKD","2007","Q1","0.0655306666666667"
"HKD","2007","Q2","0.0644276666666667"
"HKD","2007","Q3","0.0633753333333333"
"HKD","2007","Q4","0.0629473333333333"
"HKD","2008","Q1","0.0648746666666667"
"HKD","2008","Q2","0.0650143333333333"
"HKD","2008","Q3","0.0679246666666667"
"HKD","2008","Q4","0.0824936666666667"
"HKD","2009","Q1","0.0898196666666667"
"HKD","2009","Q2","0.083389"
"HKD","2009","Q3","0.0786496666666667"
"HKD","2009","Q4","0.0790236666666667"
"HKD","2010","Q1","0.0826523333333333"
"HKD","2010","Q2","0.0862136666666667"
"HKD","2010","Q3","0.0830026666666667"
"HKD","2010","Q4","0.0814853333333333"
"HKD","2011","Q1","0.08017"
"HKD","2011","Q2","0.0788343333333333"
"HKD","2011","Q3","0.0796806666666667"
"HKD","2011","Q4","0.081761"
"HKD","2012","Q1","0.082013"
"HKD","2012","Q2","0.081431"
"HKD","2012","Q3","0.0815786666666667"
"HKD","2012","Q4","0.080356"
"HKD","2013","Q1","0.083148"
"HKD","2013","Q2","0.0839013333333333"
"HKD","2013","Q3","0.083151"
"HKD","2013","Q4","0.0796743333333333"
"HKD","2014","Q1","0.0778673333333333"
"HKD","2014","Q2","0.076633"
"HKD","2014","Q3","0.077332"
"HKD","2014","Q4","0.081498"
"HKD","2015","Q1","0.0851346666666667"
"HKD","2015","Q2","0.0841993333333333"
"HKD","2015","Q3","0.0833013333333333"
"HKD","2015","Q4","0.0850723333333333"
"HUF","2006","Q1","0.00269833333333333"
"HUF","2006","Q2","0.00258066666666667"
"HUF","2006","Q3","0.00246766666666667"
"HUF","2006","Q4","0.00259166666666667"
"HUF","2007","Q1","0.00265866666666667"
"HUF","2007","Q2","0.00273566666666667"
"HUF","2007","Q3","0.002702"
"HUF","2007","Q4","0.00280366666666667"
"HUF","2008","Q1","0.00291933333333333"
"HUF","2008","Q2","0.00319966666666667"
"HUF","2008","Q3","0.003369"
"HUF","2008","Q4","0.003195"
"HUF","2009","Q1","0.00309133333333333"
"HUF","2009","Q2","0.003083"
"HUF","2009","Q3","0.003216"
"HUF","2009","Q4","0.003337"
"HUF","2010","Q1","0.0033"
"HUF","2010","Q2","0.00311333333333333"
"HUF","2010","Q3","0.00295333333333333"
"HUF","2010","Q4","0.00311733333333333"
"HUF","2011","Q1","0.00313433333333333"
"HUF","2011","Q2","0.003312"
"HUF","2011","Q3","0.00319633333333333"
"HUF","2011","Q4","0.002824"
"HUF","2012","Q1","0.00281466666666667"
"HUF","2012","Q2","0.00275866666666667"
"HUF","2012","Q3","0.00280033333333333"
"HUF","2012","Q4","0.00284966666666667"
"HUF","2013","Q1","0.00287466666666667"
"HUF","2013","Q2","0.00287666666666667"
"HUF","2013","Q3","0.00286833333333333"
"HUF","2013","Q4","0.00282733333333333"
"HUF","2014","Q1","0.00269033333333333"
"HUF","2014","Q2","0.00266333333333333"
"HUF","2014","Q3","0.00254166666666667"
"HUF","2014","Q4","0.00255566666666667"
"HUF","2015","Q1","0.00240866666666667"
"HUF","2015","Q2","0.00235966666666667"
"HUF","2015","Q3","0.00230166666666667"
"HUF","2015","Q4","0.00230866666666667"
"IDR","2006","Q1","6.16666666666667e-05"
"IDR","2006","Q2","6e-05"
"IDR","2006","Q3","5.83333333333333e-05"
"IDR","2006","Q4","5.7e-05"
"IDR","2007","Q1","5.6e-05"
"IDR","2007","Q2","5.6e-05"
"IDR","2007","Q3","5.33333333333333e-05"
"IDR","2007","Q4","5.3e-05"
"IDR","2008","Q1","5.46666666666667e-05"
"IDR","2008","Q2","5.5e-05"
"IDR","2008","Q3","5.73333333333333e-05"
"IDR","2008","Q4","5.83333333333333e-05"
"IDR","2009","Q1","6e-05"
"IDR","2009","Q2","6.1e-05"
"IDR","2009","Q3","6.1e-05"
"IDR","2009","Q4","6.46666666666667e-05"
"IDR","2010","Q1","6.96666666666667e-05"
"IDR","2010","Q2","7.33333333333333e-05"
"IDR","2010","Q3","7.16666666666667e-05"
"IDR","2010","Q4","7.06666666666667e-05"
"IDR","2011","Q1","7.03333333333333e-05"
"IDR","2011","Q2","7.13333333333333e-05"
"IDR","2011","Q3","7.26666666666667e-05"
"IDR","2011","Q4","7.1e-05"
"IDR","2012","Q1","7e-05"
"IDR","2012","Q2","6.8e-05"
"IDR","2012","Q3","6.66666666666667e-05"
"IDR","2012","Q4","6.46666666666667e-05"
"IDR","2013","Q1","6.66666666666667e-05"
"IDR","2013","Q2","6.63333333333333e-05"
"IDR","2013","Q3","6.06666666666667e-05"
"IDR","2013","Q4","5.36666666666667e-05"
"IDR","2014","Q1","5.13333333333333e-05"
"IDR","2014","Q2","5.13333333333333e-05"
"IDR","2014","Q3","5.06666666666667e-05"
"IDR","2014","Q4","5.13333333333333e-05"
"IDR","2015","Q1","5.16666666666667e-05"
"IDR","2015","Q2","4.96666666666667e-05"
"IDR","2015","Q3","4.66666666666667e-05"
"IDR","2015","Q4","4.76666666666667e-05"
"ILS","2006","Q1","0.122178"
"ILS","2006","Q2","0.121487"
"ILS","2006","Q3","0.121592"
"ILS","2006","Q4","0.122621333333333"
"ILS","2007","Q1","0.121422666666667"
"ILS","2007","Q2","0.123174666666667"
"ILS","2007","Q3","0.118140666666667"
"ILS","2007","Q4","0.124199333333333"
"ILS","2008","Q1","0.139615666666667"
"ILS","2008","Q2","0.148376666666667"
"ILS","2008","Q3","0.151937333333333"
"ILS","2008","Q4","0.167847"
"ILS","2009","Q1","0.171797666666667"
"ILS","2009","Q2","0.158894"
"ILS","2009","Q3","0.159333666666667"
"ILS","2009","Q4","0.162661"
"ILS","2010","Q1","0.171702666666667"
"ILS","2010","Q2","0.177195333333333"
"ILS","2010","Q3","0.170067333333333"
"ILS","2010","Q4","0.174792"
"ILS","2011","Q1","0.173247333333333"
"ILS","2011","Q2","0.178390666666667"
"ILS","2011","Q3","0.175057333333333"
"ILS","2011","Q4","0.170855"
"ILS","2012","Q1","0.168802"
"ILS","2012","Q2","0.165399666666667"
"ILS","2012","Q3","0.158956333333333"
"ILS","2012","Q4","0.162073333333333"
"ILS","2013","Q1","0.174160666666667"
"ILS","2013","Q2","0.179467333333333"
"ILS","2013","Q3","0.180032666666667"
"ILS","2013","Q4","0.17527"
"ILS","2014","Q1","0.172823333333333"
"ILS","2014","Q2","0.171510666666667"
"ILS","2014","Q3","0.17033"
"ILS","2014","Q4","0.16499"
"ILS","2015","Q1","0.167235666666667"
"ILS","2015","Q2","0.168536"
"ILS","2015","Q3","0.167873"
"ILS","2015","Q4","0.170091666666667"
"INR","2006","Q1","0.0128823333333333"
"INR","2006","Q2","0.0120783333333333"
"INR","2006","Q3","0.0115153333333333"
"INR","2006","Q4","0.0116206666666667"
"INR","2007","Q1","0.0116116666666667"
"INR","2007","Q2","0.0122566666666667"
"INR","2007","Q3","0.0122366666666667"
"INR","2007","Q4","0.012417"
"INR","2008","Q1","0.0127303333333333"
"INR","2008","Q2","0.012197"
"INR","2008","Q3","0.012099"
"INR","2008","Q4","0.0131443333333333"
"INR","2009","Q1","0.0140116666666667"
"INR","2009","Q2","0.0132596666666667"
"INR","2009","Q3","0.0126166666666667"
"INR","2009","Q4","0.0131416666666667"
"INR","2010","Q1","0.0139756666666667"
"INR","2010","Q2","0.0147106666666667"
"INR","2010","Q3","0.013895"
"INR","2010","Q4","0.0141193333333333"
"INR","2011","Q1","0.0138"
"INR","2011","Q2","0.0137256666666667"
"INR","2011","Q3","0.0135773333333333"
"INR","2011","Q4","0.0125363333333333"
"INR","2012","Q1","0.012671"
"INR","2012","Q2","0.0117143333333333"
"INR","2012","Q3","0.0114803333333333"
"INR","2012","Q4","0.011498"
"INR","2013","Q1","0.011906"
"INR","2013","Q2","0.0116696666666667"
"INR","2013","Q3","0.0104006666666667"
"INR","2013","Q4","0.009967"
"INR","2014","Q1","0.00978866666666667"
"INR","2014","Q2","0.00994033333333333"
"INR","2014","Q3","0.009891"
"INR","2014","Q4","0.0102016666666667"
"INR","2015","Q1","0.0106116666666667"
"INR","2015","Q2","0.0102996666666667"
"INR","2015","Q3","0.00993866666666667"
"INR","2015","Q4","0.0100053333333333"
"ISK","2006","Q1","0.00877533333333333"
"ISK","2006","Q2","0.00743433333333333"
"ISK","2006","Q3","0.007452"
"ISK","2006","Q4","0.00755433333333333"
"ISK","2007","Q1","0.00751533333333333"
"ISK","2007","Q2","0.007912"
"ISK","2007","Q3","0.00785566666666667"
"ISK","2007","Q4","0.00799333333333333"
"ISK","2008","Q1","0.00749333333333333"
"ISK","2008","Q2","0.00666033333333333"
"ISK","2008","Q3","0.00632966666666667"
"ISK","2008","Q4","0.005164"
"ISK","2009","Q1","0.00594"
"ISK","2009","Q2","0.00510366666666667"
"ISK","2009","Q3","0.00482933333333333"
"ISK","2009","Q4","0.00492733333333333"
"ISK","2010","Q1","0.005051"
"ISK","2010","Q2","0.00518066666666667"
"ISK","2010","Q3","0.005391"
"ISK","2010","Q4","0.005592"
"ISK","2011","Q1","0.00537466666666667"
"ISK","2011","Q2","0.00536533333333333"
"ISK","2011","Q3","0.005369"
"ISK","2011","Q4","0.00539133333333333"
"ISK","2012","Q1","0.00511933333333333"
"ISK","2012","Q2","0.00497633333333333"
"ISK","2012","Q3","0.005156"
"ISK","2012","Q4","0.004944"
"ISK","2013","Q1","0.00507533333333333"
"ISK","2013","Q2","0.005405"
"ISK","2013","Q3","0.00533266666666667"
"ISK","2013","Q4","0.005155"
"ISK","2014","Q1","0.005286"
"ISK","2014","Q2","0.00526766666666667"
"ISK","2014","Q3","0.00515366666666667"
"ISK","2014","Q4","0.00512966666666667"
"ISK","2015","Q1","0.00494633333333333"
"ISK","2015","Q2","0.00488933333333333"
"ISK","2015","Q3","0.00492166666666667"
"ISK","2015","Q4","0.005106"
"JPY","2006","Q1","0.00488033333333333"
"JPY","2006","Q2","0.004785"
"JPY","2006","Q3","0.00459033333333333"
"JPY","2006","Q4","0.00443066666666667"
"JPY","2007","Q1","0.00428466666666667"
"JPY","2007","Q2","0.00416866666666667"
"JPY","2007","Q3","0.00420433333333333"
"JPY","2007","Q4","0.00432666666666667"
"JPY","2008","Q1","0.00480733333333333"
"JPY","2008","Q2","0.00484933333333333"
"JPY","2008","Q3","0.00491933333333333"
"JPY","2008","Q4","0.00667766666666667"
"JPY","2009","Q1","0.007445"
"JPY","2009","Q2","0.00663"
"JPY","2009","Q3","0.00651866666666667"
"JPY","2009","Q4","0.00681566666666667"
"JPY","2010","Q1","0.00707566666666667"
"JPY","2010","Q2","0.007287"
"JPY","2010","Q3","0.00751666666666667"
"JPY","2010","Q4","0.00766266666666667"
"JPY","2011","Q1","0.007589"
"JPY","2011","Q2","0.00752033333333333"
"JPY","2011","Q3","0.00799366666666667"
"JPY","2011","Q4","0.008227"
"JPY","2012","Q1","0.00802933333333333"
"JPY","2012","Q2","0.00789566666666667"
"JPY","2012","Q3","0.00804633333333333"
"JPY","2012","Q4","0.00766866666666667"
"JPY","2013","Q1","0.00698433333333333"
"JPY","2013","Q2","0.00659266666666667"
"JPY","2013","Q3","0.00652066666666667"
"JPY","2013","Q4","0.00615133333333333"
"JPY","2014","Q1","0.00587866666666667"
"JPY","2014","Q2","0.00581933333333333"
"JPY","2014","Q3","0.005763"
"JPY","2014","Q4","0.00552266666666667"
"JPY","2015","Q1","0.00554166666666667"
"JPY","2015","Q2","0.00538033333333333"
"JPY","2015","Q3","0.005287"
"JPY","2015","Q4","0.00543033333333333"
"KRW","2006","Q1","0.000584333333333333"
"KRW","2006","Q2","0.000576333333333333"
"KRW","2006","Q3","0.000558666666666667"
"KRW","2006","Q4","0.000556"
"KRW","2007","Q1","0.000544666666666667"
"KRW","2007","Q2","0.000542"
"KRW","2007","Q3","0.000533666666666667"
"KRW","2007","Q4","0.000531666666666667"
"KRW","2008","Q1","0.000529"
"KRW","2008","Q2","0.000498"
"KRW","2008","Q3","0.000496666666666667"
"KRW","2008","Q4","0.000470333333333333"
"KRW","2009","Q1","0.000493"
"KRW","2009","Q2","0.000503"
"KRW","2009","Q3","0.000492333333333333"
"KRW","2009","Q4","0.000524333333333333"
"KRW","2010","Q1","0.000560666666666667"
"KRW","2010","Q2","0.000576333333333333"
"KRW","2010","Q3","0.000545333333333333"
"KRW","2010","Q4","0.000558333333333333"
"KRW","2011","Q1","0.000558"
"KRW","2011","Q2","0.000565666666666667"
"KRW","2011","Q3","0.000573666666666667"
"KRW","2011","Q4","0.000555666666666667"
"KRW","2012","Q1","0.000562666666666667"
"KRW","2012","Q2","0.000548333333333333"
"KRW","2012","Q3","0.000558666666666667"
"KRW","2012","Q4","0.000571333333333333"
"KRW","2013","Q1","0.000593666666666667"
"KRW","2013","Q2","0.000579666666666667"
"KRW","2013","Q3","0.000581333333333333"
"KRW","2013","Q4","0.000581666666666667"
"KRW","2014","Q1","0.000565"
"KRW","2014","Q2","0.000577333333333333"
"KRW","2014","Q3","0.000583"
"KRW","2014","Q4","0.000580666666666667"
"KRW","2015","Q1","0.000599333333333333"
"KRW","2015","Q2","0.000595"
"KRW","2015","Q3","0.000552"
"KRW","2015","Q4","0.000569333333333333"
"KWD","2006","Q1","1.95368266666667"
"KWD","2006","Q2","1.885756"
"KWD","2006","Q3","1.84451466666667"
"KWD","2006","Q4","1.80508233333333"
"KWD","2007","Q1","1.76965833333333"
"KWD","2007","Q2","1.74452766666667"
"KWD","2007","Q3","1.74829866666667"
"KWD","2007","Q4","1.77209433333333"
"KWD","2008","Q1","1.861077"
"KWD","2008","Q2","1.907839"
"KWD","2008","Q3","1.98538166666667"
"KWD","2008","Q4","2.35347566666667"
"KWD","2009","Q1","2.39808533333333"
"KWD","2009","Q2","2.23120466666667"
"KWD","2009","Q3","2.12516533333333"
"KWD","2009","Q4","2.14313233333333"
"KWD","2010","Q1","2.22786933333333"
"KWD","2010","Q2","2.31180766666667"
"KWD","2010","Q3","2.23996766666667"
"KWD","2010","Q4","2.244919"
"KWD","2011","Q1","2.23415433333333"
"KWD","2011","Q2","2.22586633333333"
"KWD","2011","Q3","2.267158"
"KWD","2011","Q4","2.30064833333333"
"KWD","2012","Q1","2.287877"
"KWD","2012","Q2","2.26431233333333"
"KWD","2012","Q3","2.24693033333333"
"KWD","2012","Q4","2.21279333333333"
"KWD","2013","Q1","2.28135666666667"
"KWD","2013","Q2","2.28535266666667"
"KWD","2013","Q3","2.26472666666667"
"KWD","2013","Q4","2.18581366666667"
"KWD","2014","Q1","2.14206633333333"
"KWD","2014","Q2","2.10924733333333"
"KWD","2014","Q3","2.108499"
"KWD","2014","Q4","2.174755"
"KWD","2015","Q1","2.229094"
"KWD","2015","Q2","2.162135"
"KWD","2015","Q3","2.13458833333333"
"KWD","2015","Q4","2.174738"
"MXN","2006","Q1","0.053893"
"MXN","2006","Q2","0.0490113333333333"
"MXN","2006","Q3","0.0487163333333333"
"MXN","2006","Q4","0.047934"
"MXN","2007","Q1","0.0464326666666667"
"MXN","2007","Q2","0.0462976666666667"
"MXN","2007","Q3","0.0451256666666667"
"MXN","2007","Q4","0.0451236666666667"
"MXN","2008","Q1","0.046801"
"MXN","2008","Q2","0.048628"
"MXN","2008","Q3","0.0512793333333333"
"MXN","2008","Q4","0.048921"
"MXN","2009","Q1","0.0484863333333333"
"MXN","2009","Q2","0.048564"
"MXN","2009","Q3","0.0459673333333333"
"MXN","2009","Q4","0.046875"
"MXN","2010","Q1","0.0502146666666667"
"MXN","2010","Q2","0.0533956666666667"
"MXN","2010","Q3","0.0503803333333333"
"MXN","2010","Q4","0.0510836666666667"
"MXN","2011","Q1","0.0517443333333333"
"MXN","2011","Q2","0.052317"
"MXN","2011","Q3","0.050533"
"MXN","2011","Q4","0.0466416666666667"
"MXN","2012","Q1","0.0490423333333333"
"MXN","2012","Q2","0.04672"
"MXN","2012","Q3","0.0481103333333333"
"MXN","2012","Q4","0.048096"
"MXN","2013","Q1","0.051045"
"MXN","2013","Q2","0.052225"
"MXN","2013","Q3","0.0499496666666667"
"MXN","2013","Q4","0.0474563333333333"
"MXN","2014","Q1","0.0456646666666667"
"MXN","2014","Q2","0.045727"
"MXN","2014","Q3","0.0456806666666667"
"MXN","2014","Q4","0.0455496666666667"
"MXN","2015","Q1","0.044153"
"MXN","2015","Q2","0.0426156666666667"
"MXN","2015","Q3","0.0393133333333333"
"MXN","2015","Q4","0.0393383333333333"
"MYR","2006","Q1","0.153124"
"MYR","2006","Q2","0.150256333333333"
"MYR","2006","Q3","0.145296666666667"
"MYR","2006","Q4","0.144016"
"MYR","2007","Q1","0.146244"
"MYR","2007","Q2","0.146902"
"MYR","2007","Q3","0.142807666666667"
"MYR","2007","Q4","0.145925"
"MYR","2008","Q1","0.156793333333333"
"MYR","2008","Q2","0.157909666666667"
"MYR","2008","Q3","0.158471666666667"
"MYR","2008","Q4","0.180051333333333"
"MYR","2009","Q1","0.192222333333333"
"MYR","2009","Q2","0.182051333333333"
"MYR","2009","Q3","0.173154"
"MYR","2009","Q4","0.179996"
"MYR","2010","Q1","0.190213666666667"
"MYR","2010","Q2","0.206891666666667"
"MYR","2010","Q3","0.204480666666667"
"MYR","2010","Q4","0.203117"
"MYR","2011","Q1","0.204802333333333"
"MYR","2011","Q2","0.203176"
"MYR","2011","Q3","0.205763333333333"
"MYR","2011","Q4","0.201927666666667"
"MYR","2012","Q1","0.207885666666667"
"MYR","2012","Q2","0.202865666666667"
"MYR","2012","Q3","0.202718"
"MYR","2012","Q4","0.203818666666667"
"MYR","2013","Q1","0.209273666666667"
"MYR","2013","Q2","0.212235666666667"
"MYR","2013","Q3","0.199051333333333"
"MYR","2013","Q4","0.192606"
"MYR","2014","Q1","0.183227666666667"
"MYR","2014","Q2","0.183694666666667"
"MYR","2014","Q3","0.187717333333333"
"MYR","2014","Q4","0.187885666666667"
"MYR","2015","Q1","0.182388666666667"
"MYR","2015","Q2","0.178514"
"MYR","2015","Q3","0.159636333333333"
"MYR","2015","Q4","0.153895666666667"
"NOK","2006","Q1","0.0855"
"NOK","2006","Q2","0.087836"
"NOK","2006","Q3","0.0843126666666667"
"NOK","2006","Q4","0.081391"
"NOK","2007","Q1","0.0821423333333333"
"NOK","2007","Q2","0.083775"
"NOK","2007","Q3","0.085971"
"NOK","2007","Q4","0.0900023333333333"
"NOK","2008","Q1","0.095094"
"NOK","2008","Q2","0.0997736666666666"
"NOK","2008","Q3","0.098599"
"NOK","2008","Q4","0.0937453333333333"
"NOK","2009","Q1","0.101480333333333"
"NOK","2009","Q2","0.0995096666666667"
"NOK","2009","Q3","0.0997796666666667"
"NOK","2009","Q4","0.107633"
"NOK","2010","Q1","0.109386666666667"
"NOK","2010","Q2","0.107833333333333"
"NOK","2010","Q3","0.104701666666667"
"NOK","2010","Q4","0.106774333333333"
"NOK","2011","Q1","0.109039333333333"
"NOK","2011","Q2","0.112709333333333"
"NOK","2011","Q3","0.112953"
"NOK","2011","Q4","0.110442333333333"
"NOK","2012","Q1","0.109965333333333"
"NOK","2012","Q2","0.107224666666667"
"NOK","2012","Q3","0.10715"
"NOK","2012","Q4","0.109608666666667"
"NOK","2013","Q1","0.114490333333333"
"NOK","2013","Q2","0.111653666666667"
"NOK","2013","Q3","0.107592333333333"
"NOK","2013","Q4","0.101976333333333"
"NOK","2014","Q1","0.0991436666666667"
"NOK","2014","Q2","0.0992096666666667"
"NOK","2014","Q3","0.0959113333333333"
"NOK","2014","Q4","0.0918123333333333"
"NOK","2015","Q1","0.085183"
"NOK","2015","Q2","0.08418"
"NOK","2015","Q3","0.078578"
"NOK","2015","Q4","0.077292"
"NZD","2006","Q1","0.379303333333333"
"NZD","2006","Q2","0.341770333333333"
"NZD","2006","Q3","0.338689666666667"
"NZD","2006","Q4","0.351876333333333"
"NZD","2007","Q1","0.355804333333333"
"NZD","2007","Q2","0.373326333333333"
"NZD","2007","Q3","0.367498"
"NZD","2007","Q4","0.373903666666667"
"NZD","2008","Q1","0.399017"
"NZD","2008","Q2","0.393489666666667"
"NZD","2008","Q3","0.376855666666667"
"NZD","2008","Q4","0.367500333333333"
"NZD","2009","Q1","0.371310333333333"
"NZD","2009","Q2","0.389803333333333"
"NZD","2009","Q3","0.410776"
"NZD","2009","Q4","0.445627"
"NZD","2010","Q1","0.454371"
"NZD","2010","Q2","0.469991"
"NZD","2010","Q3","0.463272"
"NZD","2010","Q4","0.479814333333333"
"NZD","2011","Q1","0.472308333333333"
"NZD","2011","Q2","0.49091"
"NZD","2011","Q3","0.516889"
"NZD","2011","Q4","0.494114333333333"
"NZD","2012","Q1","0.520576"
"NZD","2012","Q2","0.499591333333333"
"NZD","2012","Q3","0.512345666666667"
"NZD","2012","Q4","0.512423666666667"
"NZD","2013","Q1","0.538345"
"NZD","2013","Q2","0.534242666666667"
"NZD","2013","Q3","0.514405666666667"
"NZD","2013","Q4","0.510947"
"NZD","2014","Q1","0.505168"
"NZD","2014","Q2","0.511608"
"NZD","2014","Q3","0.50447"
"NZD","2014","Q4","0.494223333333333"
"NZD","2015","Q1","0.496314"
"NZD","2015","Q2","0.477749333333333"
"NZD","2015","Q3","0.420517333333333"
"NZD","2015","Q4","0.439611666666667"
"OMR","2006","Q1","1.48221833333333"
"OMR","2006","Q2","1.42292033333333"
"OMR","2006","Q3","1.38525566666667"
"OMR","2006","Q4","1.35587933333333"
"OMR","2007","Q1","1.32908133333333"
"OMR","2007","Q2","1.30823233333333"
"OMR","2007","Q3","1.285596"
"OMR","2007","Q4","1.272573"
"OMR","2008","Q1","1.31407366666667"
"OMR","2008","Q2","1.316859"
"OMR","2008","Q3","1.376208"
"OMR","2008","Q4","1.66123966666667"
"OMR","2009","Q1","1.80952966666667"
"OMR","2009","Q2","1.679026"
"OMR","2009","Q3","1.58339"
"OMR","2009","Q4","1.59127566666667"
"OMR","2010","Q1","1.667061"
"OMR","2010","Q2","1.741494"
"OMR","2010","Q3","1.675303"
"OMR","2010","Q4","1.64359633333333"
"OMR","2011","Q1","1.62172233333333"
"OMR","2011","Q2","1.59265533333333"
"OMR","2011","Q3","1.61318266666667"
"OMR","2011","Q4","1.65228666666667"
"OMR","2012","Q1","1.653098"
"OMR","2012","Q2","1.64219433333333"
"OMR","2012","Q3","1.64471533333333"
"OMR","2012","Q4","1.618138"
"OMR","2013","Q1","1.67548533333333"
"OMR","2013","Q2","1.69177433333333"
"OMR","2013","Q3","1.67499733333333"
"OMR","2013","Q4","1.60458633333333"
"OMR","2014","Q1","1.569397"
"OMR","2014","Q2","1.54327966666667"
"OMR","2014","Q3","1.55692233333333"
"OMR","2014","Q4","1.64179266666667"
"OMR","2015","Q1","1.71516733333333"
"OMR","2015","Q2","1.69576233333333"
"OMR","2015","Q3","1.67725366666667"
"OMR","2015","Q4","1.713032"
"PKR","2006","Q1","0.009524"
"PKR","2006","Q2","0.00912466666666667"
"PKR","2006","Q3","0.00884166666666667"
"PKR","2006","Q4","0.00859866666666667"
"PKR","2007","Q1","0.008425"
"PKR","2007","Q2","0.00830466666666667"
"PKR","2007","Q3","0.008178"
"PKR","2007","Q4","0.00803866666666667"
"PKR","2008","Q1","0.008107"
"PKR","2008","Q2","0.00768333333333333"
"PKR","2008","Q3","0.00716533333333333"
"PKR","2008","Q4","0.00805266666666667"
"PKR","2009","Q1","0.00876033333333333"
"PKR","2009","Q2","0.00801466666666666"
"PKR","2009","Q3","0.00739033333333333"
"PKR","2009","Q4","0.00733033333333333"
"PKR","2010","Q1","0.00758833333333333"
"PKR","2010","Q2","0.00792533333333333"
"PKR","2010","Q3","0.007529"
"PKR","2010","Q4","0.00737666666666667"
"PKR","2011","Q1","0.00730566666666667"
"PKR","2011","Q2","0.00719066666666667"
"PKR","2011","Q3","0.00715533333333333"
"PKR","2011","Q4","0.007243"
"PKR","2012","Q1","0.00702266666666667"
"PKR","2012","Q2","0.006862"
"PKR","2012","Q3","0.006693"
"PKR","2012","Q4","0.00647033333333333"
"PKR","2013","Q1","0.00658733333333333"
"PKR","2013","Q2","0.00661066666666667"
"PKR","2013","Q3","0.00627333333333333"
"PKR","2013","Q4","0.00578033333333333"
"PKR","2014","Q1","0.00583733333333333"
"PKR","2014","Q2","0.00604566666666667"
"PKR","2014","Q3","0.00596966666666667"
"PKR","2014","Q4","0.00620666666666667"
"PKR","2015","Q1","0.00651466666666667"
"PKR","2015","Q2","0.006411"
"PKR","2015","Q3","0.00627866666666667"
"PKR","2015","Q4","0.00628333333333333"
"PLN","2006","Q1","0.179175666666667"
"PLN","2006","Q2","0.174353"
"PLN","2006","Q3","0.171906333333333"
"PLN","2006","Q4","0.175012666666667"
"PLN","2007","Q1","0.172540333333333"
"PLN","2007","Q2","0.178711666666667"
"PLN","2007","Q3","0.179549333333333"
"PLN","2007","Q4","0.194128"
"PLN","2008","Q1","0.212016"
"PLN","2008","Q2","0.232601"
"PLN","2008","Q3","0.240549333333333"
"PLN","2008","Q4","0.222988666666667"
"PLN","2009","Q1","0.202134666666667"
"PLN","2009","Q2","0.197820333333333"
"PLN","2009","Q3","0.208054"
"PLN","2009","Q4","0.216421666666667"
"PLN","2010","Q1","0.222438333333333"
"PLN","2010","Q2","0.213026333333333"
"PLN","2010","Q3","0.207965666666667"
"PLN","2010","Q4","0.216752333333333"
"PLN","2011","Q1","0.216391"
"PLN","2011","Q2","0.222869333333333"
"PLN","2011","Q3","0.211987333333333"
"PLN","2011","Q4","0.193906666666667"
"PLN","2012","Q1","0.197419333333333"
"PLN","2012","Q2","0.190639"
"PLN","2012","Q3","0.191675333333333"
"PLN","2012","Q4","0.196556666666667"
"PLN","2013","Q1","0.205021333333333"
"PLN","2013","Q2","0.202553"
"PLN","2013","Q3","0.201217333333333"
"PLN","2013","Q4","0.201003"
"PLN","2014","Q1","0.197898666666667"
"PLN","2014","Q2","0.195567666666667"
"PLN","2014","Q3","0.190070333333333"
"PLN","2014","Q4","0.187043"
"PLN","2015","Q1","0.177394666666667"
"PLN","2015","Q2","0.176619"
"PLN","2015","Q3","0.171415333333333"
"PLN","2015","Q4","0.169272666666667"
"QAR","2006","Q1","0.156776333333333"
"QAR","2006","Q2","0.150457666666667"
"QAR","2006","Q3","0.146520666666667"
"QAR","2006","Q4","0.143396"
"QAR","2007","Q1","0.140555"
"QAR","2007","Q2","0.138387"
"QAR","2007","Q3","0.135963"
"QAR","2007","Q4","0.134548333333333"
"QAR","2008","Q1","0.139004333333333"
"QAR","2008","Q2","0.139338333333333"
"QAR","2008","Q3","0.145525"
"QAR","2008","Q4","0.175651666666667"
"QAR","2009","Q1","0.191295333333333"
"QAR","2009","Q2","0.177598333333333"
"QAR","2009","Q3","0.167415666666667"
"QAR","2009","Q4","0.168235333333333"
"QAR","2010","Q1","0.176342"
"QAR","2010","Q2","0.184255333333333"
"QAR","2010","Q3","0.177223333333333"
"QAR","2010","Q4","0.173795333333333"
"QAR","2011","Q1","0.171464"
"QAR","2011","Q2","0.168371"
"QAR","2011","Q3","0.170529666666667"
"QAR","2011","Q4","0.174668333333333"
"QAR","2012","Q1","0.174775666666667"
"QAR","2012","Q2","0.173582666666667"
"QAR","2012","Q3","0.173779666666667"
"QAR","2012","Q4","0.171067666666667"
"QAR","2013","Q1","0.177140666666667"
"QAR","2013","Q2","0.178865333333333"
"QAR","2013","Q3","0.177119666666667"
"QAR","2013","Q4","0.169665666666667"
"QAR","2014","Q1","0.165921666666667"
"QAR","2014","Q2","0.163182"
"QAR","2014","Q3","0.164621666666667"
"QAR","2014","Q4","0.173578666666667"
"QAR","2015","Q1","0.181339333333333"
"QAR","2015","Q2","0.17928"
"QAR","2015","Q3","0.177333333333333"
"QAR","2015","Q4","0.181105"
"RON","2006","Q1","0.19236"
"RON","2006","Q2","0.195665"
"RON","2006","Q3","0.192022333333333"
"RON","2006","Q4","0.193787666666667"
"RON","2007","Q1","0.198252333333333"
"RON","2007","Q2","0.206802"
"RON","2007","Q3","0.210312333333333"
"RON","2007","Q4","0.205547333333333"
"RON","2008","Q1","0.2053"
"RON","2008","Q2","0.217068666666667"
"RON","2008","Q3","0.222146333333333"
"RON","2008","Q4","0.220919333333333"
"RON","2009","Q1","0.213128666666667"
"RON","2009","Q2","0.209875"
"RON","2009","Q3","0.206511"
"RON","2009","Q4","0.212026333333333"
"RON","2010","Q1","0.215724"
"RON","2010","Q2","0.204713333333333"
"RON","2010","Q3","0.195808333333333"
"RON","2010","Q4","0.200418"
"RON","2011","Q1","0.202282666666667"
"RON","2011","Q2","0.213443666666667"
"RON","2011","Q3","0.206205666666667"
"RON","2011","Q4","0.197680333333333"
"RON","2012","Q1","0.191752"
"RON","2012","Q2","0.1833"
"RON","2012","Q3","0.175026333333333"
"RON","2012","Q4","0.178615"
"RON","2013","Q1","0.194260333333333"
"RON","2013","Q2","0.193546666666667"
"RON","2013","Q3","0.192443"
"RON","2013","Q4","0.188985666666667"
"RON","2014","Q1","0.183878"
"RON","2014","Q2","0.184141"
"RON","2014","Q3","0.179805666666667"
"RON","2014","Q4","0.177906333333333"
"RON","2015","Q1","0.166980333333333"
"RON","2015","Q2","0.162576"
"RON","2015","Q3","0.162225666666667"
"RON","2015","Q4","0.161895"
"RUB","2006","Q1","0.020275"
"RUB","2006","Q2","0.020136"
"RUB","2006","Q3","0.0199033333333333"
"RUB","2006","Q4","0.0196306666666667"
"RUB","2007","Q1","0.019453"
"RUB","2007","Q2","0.019479"
"RUB","2007","Q3","0.0194113333333333"
"RUB","2007","Q4","0.019866"
"RUB","2008","Q1","0.0208643333333333"
"RUB","2008","Q2","0.0214586666666667"
"RUB","2008","Q3","0.0217806666666667"
"RUB","2008","Q4","0.023383"
"RUB","2009","Q1","0.0205253333333333"
"RUB","2009","Q2","0.020088"
"RUB","2009","Q3","0.019467"
"RUB","2009","Q4","0.0207716666666667"
"RUB","2010","Q1","0.0214896666666667"
"RUB","2010","Q2","0.022139"
"RUB","2010","Q3","0.0210743333333333"
"RUB","2010","Q4","0.0206"
"RUB","2011","Q1","0.0213426666666667"
"RUB","2011","Q2","0.0218996666666667"
"RUB","2011","Q3","0.021344"
"RUB","2011","Q4","0.0203866666666667"
"RUB","2012","Q1","0.0211086666666667"
"RUB","2012","Q2","0.0203733333333333"
"RUB","2012","Q3","0.0198213333333333"
"RUB","2012","Q4","0.0200423333333333"
"RUB","2013","Q1","0.0212013333333333"
"RUB","2013","Q2","0.0205703333333333"
"RUB","2013","Q3","0.0196703333333333"
"RUB","2013","Q4","0.018985"
"RUB","2014","Q1","0.017252"
"RUB","2014","Q2","0.016991"
"RUB","2014","Q3","0.0165126666666667"
"RUB","2014","Q4","0.0134096666666667"
"RUB","2015","Q1","0.0105206666666667"
"RUB","2015","Q2","0.0123713333333333"
"RUB","2015","Q3","0.0102643333333333"
"RUB","2015","Q4","0.00998866666666667"
"SAR","2006","Q1","0.152145333333333"
"SAR","2006","Q2","0.146045"
"SAR","2006","Q3","0.142203666666667"
"SAR","2006","Q4","0.139190333333333"
"SAR","2007","Q1","0.136433666666667"
"SAR","2007","Q2","0.134294333333333"
"SAR","2007","Q3","0.131963333333333"
"SAR","2007","Q4","0.131083666666667"
"SAR","2008","Q1","0.134967333333333"
"SAR","2008","Q2","0.135277333333333"
"SAR","2008","Q3","0.141245666666667"
"SAR","2008","Q4","0.170522"
"SAR","2009","Q1","0.185814"
"SAR","2009","Q2","0.172476666666667"
"SAR","2009","Q3","0.162626"
"SAR","2009","Q4","0.163326666666667"
"SAR","2010","Q1","0.171142333333333"
"SAR","2010","Q2","0.178834666666667"
"SAR","2010","Q3","0.171981"
"SAR","2010","Q4","0.168666666666667"
"SAR","2011","Q1","0.166467"
"SAR","2011","Q2","0.163492666666667"
"SAR","2011","Q3","0.165587333333333"
"SAR","2011","Q4","0.169593666666667"
"SAR","2012","Q1","0.169700666666667"
"SAR","2012","Q2","0.168535666666667"
"SAR","2012","Q3","0.16871"
"SAR","2012","Q4","0.166078"
"SAR","2013","Q1","0.171964333333333"
"SAR","2013","Q2","0.173643333333333"
"SAR","2013","Q3","0.171948333333333"
"SAR","2013","Q4","0.164714666666667"
"SAR","2014","Q1","0.161093666666667"
"SAR","2014","Q2","0.158403"
"SAR","2014","Q3","0.159820333333333"
"SAR","2014","Q4","0.168453"
"SAR","2015","Q1","0.175939"
"SAR","2015","Q2","0.174045"
"SAR","2015","Q3","0.172166666666667"
"SAR","2015","Q4","0.175790666666667"
"SEK","2006","Q1","0.073398"
"SEK","2006","Q2","0.0739736666666667"
"SEK","2006","Q3","0.073642"
"SEK","2006","Q4","0.073733"
"SEK","2007","Q1","0.072977"
"SEK","2007","Q2","0.073354"
"SEK","2007","Q3","0.073455"
"SEK","2007","Q4","0.076302"
"SEK","2008","Q1","0.080593"
"SEK","2008","Q2","0.0846963333333333"
"SEK","2008","Q3","0.0838576666666667"
"SEK","2008","Q4","0.0818713333333333"
"SEK","2009","Q1","0.0829726666666667"
"SEK","2009","Q2","0.0816023333333333"
"SEK","2009","Q3","0.083777"
"SEK","2009","Q4","0.0873326666666667"
"SEK","2010","Q1","0.0891796666666667"
"SEK","2010","Q2","0.088593"
"SEK","2010","Q3","0.088838"
"SEK","2010","Q4","0.0932546666666667"
"SEK","2011","Q1","0.0962666666666667"
"SEK","2011","Q2","0.0979233333333333"
"SEK","2011","Q3","0.095962"
"SEK","2011","Q4","0.094306"
"SEK","2012","Q1","0.0942766666666667"
"SEK","2012","Q2","0.0910106666666667"
"SEK","2012","Q3","0.0938966666666667"
"SEK","2012","Q4","0.093655"
"SEK","2013","Q1","0.100217333333333"
"SEK","2013","Q2","0.0992806666666667"
"SEK","2013","Q3","0.0984156666666667"
"SEK","2013","Q4","0.0948873333333333"
"SEK","2014","Q1","0.093459"
"SEK","2014","Q2","0.089945"
"SEK","2014","Q3","0.086221"
"SEK","2014","Q4","0.0850116666666667"
"SEK","2015","Q1","0.0791776666666667"
"SEK","2015","Q2","0.0775606666666667"
"SEK","2015","Q3","0.0761516666666667"
"SEK","2015","Q4","0.0775436666666667"
"SGD","2006","Q1","0.350524666666667"
"SGD","2006","Q2","0.344552333333333"
"SGD","2006","Q3","0.337699666666667"
"SGD","2006","Q4","0.334931666666667"
"SGD","2007","Q1","0.334065666666667"
"SGD","2007","Q2","0.330270333333333"
"SGD","2007","Q3","0.326231333333333"
"SGD","2007","Q4","0.336825333333333"
"SGD","2008","Q1","0.358866333333333"
"SGD","2008","Q2","0.371284666666667"
"SGD","2008","Q3","0.378759333333333"
"SGD","2008","Q4","0.429902666666667"
"SGD","2009","Q1","0.460639"
"SGD","2009","Q2","0.438838"
"SGD","2009","Q3","0.423877333333333"
"SGD","2009","Q4","0.439132666666667"
"SGD","2010","Q1","0.457242666666667"
"SGD","2010","Q2","0.481956"
"SGD","2010","Q3","0.475790333333333"
"SGD","2010","Q4","0.485689"
"SGD","2011","Q1","0.488917333333333"
"SGD","2011","Q2","0.49461"
"SGD","2011","Q3","0.506899"
"SGD","2011","Q4","0.494210333333333"
"SGD","2012","Q1","0.503526666666667"
"SGD","2012","Q2","0.499945333333333"
"SGD","2012","Q3","0.507506"
"SGD","2012","Q4","0.509347333333333"
"SGD","2013","Q1","0.521069"
"SGD","2013","Q2","0.521368333333333"
"SGD","2013","Q3","0.508611666666667"
"SGD","2013","Q4","0.494199333333333"
"SGD","2014","Q1","0.476282666666667"
"SGD","2014","Q2","0.474344666666667"
"SGD","2014","Q3","0.478863"
"SGD","2014","Q4","0.487715"
"SGD","2015","Q1","0.486742"
"SGD","2015","Q2","0.486063333333333"
"SGD","2015","Q3","0.464198333333333"
"SGD","2015","Q4","0.468342666666667"
"THB","2006","Q1","0.01452"
"THB","2006","Q2","0.0143653333333333"
"THB","2006","Q3","0.014159"
"THB","2006","Q4","0.0142873333333333"
"THB","2007","Q1","0.0150883333333333"
"THB","2007","Q2","0.0154563333333333"
"THB","2007","Q3","0.015691"
"THB","2007","Q4","0.01574"
"THB","2008","Q1","0.0162996666666667"
"THB","2008","Q2","0.015716"
"THB","2008","Q3","0.0156223333333333"
"THB","2008","Q4","0.0183386666666667"
"THB","2009","Q1","0.019709"
"THB","2009","Q2","0.0186113333333333"
"THB","2009","Q3","0.017934"
"THB","2009","Q4","0.0183903333333333"
"THB","2010","Q1","0.0195046666666667"
"THB","2010","Q2","0.0207143333333333"
"THB","2010","Q3","0.0204036666666667"
"THB","2010","Q4","0.0210953333333333"
"THB","2011","Q1","0.0204473333333333"
"THB","2011","Q2","0.020256"
"THB","2011","Q3","0.020608"
"THB","2011","Q4","0.0205206666666667"
"THB","2012","Q1","0.0205436666666667"
"THB","2012","Q2","0.0202146666666667"
"THB","2012","Q3","0.020188"
"THB","2012","Q4","0.0203053333333333"
"THB","2013","Q1","0.0216453333333333"
"THB","2013","Q2","0.0218013333333333"
"THB","2013","Q3","0.0205113333333333"
"THB","2013","Q4","0.019473"
"THB","2014","Q1","0.0185123333333333"
"THB","2014","Q2","0.0183113333333333"
"THB","2014","Q3","0.0186686666666667"
"THB","2014","Q4","0.0193203333333333"
"THB","2015","Q1","0.020223"
"THB","2015","Q2","0.019646"
"THB","2015","Q3","0.0183283333333333"
"THB","2015","Q4","0.0184043333333333"
"TRY","2006","Q1","0.428565333333333"
"TRY","2006","Q2","0.378152"
"TRY","2006","Q3","0.355602666666667"
"TRY","2006","Q4","0.358933333333333"
"TRY","2007","Q1","0.362813666666667"
"TRY","2007","Q2","0.376854"
"TRY","2007","Q3","0.385229333333333"
"TRY","2007","Q4","0.411515666666667"
"TRY","2008","Q1","0.419439666666667"
"TRY","2008","Q2","0.402587333333333"
"TRY","2008","Q3","0.437326666666667"
"TRY","2008","Q4","0.415062"
"TRY","2009","Q1","0.419875666666667"
"TRY","2009","Q2","0.412011666666667"
"TRY","2009","Q3","0.406985333333333"
"TRY","2009","Q4","0.410530666666667"
"TRY","2010","Q1","0.424705"
"TRY","2010","Q2","0.435560666666667"
"TRY","2010","Q3","0.426058666666667"
"TRY","2010","Q4","0.432360666666667"
"TRY","2011","Q1","0.395641333333333"
"TRY","2011","Q2","0.391748"
"TRY","2011","Q3","0.358000666666667"
"TRY","2011","Q4","0.346132666666667"
"TRY","2012","Q1","0.354293333333333"
"TRY","2012","Q2","0.349822333333333"
"TRY","2012","Q3","0.351015666666667"
"TRY","2012","Q4","0.347124666666667"
"TRY","2013","Q1","0.361353666666667"
"TRY","2013","Q2","0.354256"
"TRY","2013","Q3","0.327362"
"TRY","2013","Q4","0.305176"
"TRY","2014","Q1","0.272983333333333"
"TRY","2014","Q2","0.281429"
"TRY","2014","Q3","0.276982666666667"
"TRY","2014","Q4","0.279462333333333"
"TRY","2015","Q1","0.268173"
"TRY","2015","Q2","0.245050333333333"
"TRY","2015","Q3","0.226499666666667"
"TRY","2015","Q4","0.22669"
"TWD","2006","Q1","0.01766"
"TWD","2006","Q2","0.0170236666666667"
"TWD","2006","Q3","0.0162813333333333"
"TWD","2006","Q4","0.0158956666666667"
"TWD","2007","Q1","0.0155463333333333"
"TWD","2007","Q2","0.0151903333333333"
"TWD","2007","Q3","0.014996"
"TWD","2007","Q4","0.0150826666666667"
"TWD","2008","Q1","0.01604"
"TWD","2008","Q2","0.016655"
"TWD","2008","Q3","0.0169616666666667"
"TWD","2008","Q4","0.0193853333333333"
"TWD","2009","Q1","0.020499"
"TWD","2009","Q2","0.019518"
"TWD","2009","Q3","0.018599"
"TWD","2009","Q4","0.0189563333333333"
"TWD","2010","Q1","0.0200823333333333"
"TWD","2010","Q2","0.0210393333333333"
"TWD","2010","Q3","0.020213"
"TWD","2010","Q4","0.020842"
"TWD","2011","Q1","0.0212996666666667"
"TWD","2011","Q2","0.02124"
"TWD","2011","Q3","0.021292"
"TWD","2011","Q4","0.021018"
"TWD","2012","Q1","0.0214336666666667"
"TWD","2012","Q2","0.021337"
"TWD","2012","Q3","0.021214"
"TWD","2012","Q4","0.0213683333333333"
"TWD","2013","Q1","0.0218553333333333"
"TWD","2013","Q2","0.021795"
"TWD","2013","Q3","0.0215956666666667"
"TWD","2013","Q4","0.0208993333333333"
"TWD","2014","Q1","0.0199466666666667"
"TWD","2014","Q2","0.0197273333333333"
"TWD","2014","Q3","0.019957"
"TWD","2014","Q4","0.0204843333333333"
"TWD","2015","Q1","0.0209263333333333"
"TWD","2015","Q2","0.0211606666666667"
"TWD","2015","Q3","0.020179"
"TWD","2015","Q4","0.020199"
"USD","2006","Q1","0.570597666666667"
"USD","2006","Q2","0.547713"
"USD","2006","Q3","0.533412"
"USD","2006","Q4","0.521953"
"USD","2007","Q1","0.511659333333333"
"USD","2007","Q2","0.503612666666667"
"USD","2007","Q3","0.494725"
"USD","2007","Q4","0.489534"
"USD","2008","Q1","0.505689666666667"
"USD","2008","Q2","0.507069666666667"
"USD","2008","Q3","0.529704666666667"
"USD","2008","Q4","0.639601333333333"
"USD","2009","Q1","0.696481"
"USD","2009","Q2","0.64631"
"USD","2009","Q3","0.609563"
"USD","2009","Q4","0.612526666666667"
"USD","2010","Q1","0.641676666666667"
"USD","2010","Q2","0.670641"
"USD","2010","Q3","0.644966"
"USD","2010","Q4","0.632525333333333"
"USD","2011","Q1","0.624286333333333"
"USD","2011","Q2","0.613121333333333"
"USD","2011","Q3","0.620996333333333"
"USD","2011","Q4","0.636015666666667"
"USD","2012","Q1","0.636413333333333"
"USD","2012","Q2","0.63204"
"USD","2012","Q3","0.632696666666667"
"USD","2012","Q4","0.62283"
"USD","2013","Q1","0.644901333333333"
"USD","2013","Q2","0.651218"
"USD","2013","Q3","0.644881333333333"
"USD","2013","Q4","0.617749333333333"
"USD","2014","Q1","0.604177666666667"
"USD","2014","Q2","0.594120333333333"
"USD","2014","Q3","0.599408666666667"
"USD","2014","Q4","0.632074"
"USD","2015","Q1","0.660284333333333"
"USD","2015","Q2","0.652724666666667"
"USD","2015","Q3","0.645725666666667"
"USD","2015","Q4","0.659363"
"ZAR","2006","Q1","0.0928666666666667"
"ZAR","2006","Q2","0.0851316666666667"
"ZAR","2006","Q3","0.0746433333333333"
"ZAR","2006","Q4","0.071488"
"ZAR","2007","Q1","0.070736"
"ZAR","2007","Q2","0.0710293333333333"
"ZAR","2007","Q3","0.0697046666666667"
"ZAR","2007","Q4","0.072347"
"ZAR","2008","Q1","0.067213"
"ZAR","2008","Q2","0.0653403333333333"
"ZAR","2008","Q3","0.0680773333333333"
"ZAR","2008","Q4","0.0643426666666667"
"ZAR","2009","Q1","0.070108"
"ZAR","2009","Q2","0.0764916666666667"
"ZAR","2009","Q3","0.0782363333333333"
"ZAR","2009","Q4","0.0817076666666667"
"ZAR","2010","Q1","0.0853926666666667"
"ZAR","2010","Q2","0.0889016666666667"
"ZAR","2010","Q3","0.088178"
"ZAR","2010","Q4","0.091703"
"ZAR","2011","Q1","0.089232"
"ZAR","2011","Q2","0.0903523333333333"
"ZAR","2011","Q3","0.0871633333333333"
"ZAR","2011","Q4","0.0785983333333333"
"ZAR","2012","Q1","0.0821046666666667"
"ZAR","2012","Q2","0.077794"
"ZAR","2012","Q3","0.0766293333333333"
"ZAR","2012","Q4","0.071606"
"ZAR","2013","Q1","0.072043"
"ZAR","2013","Q2","0.0688253333333333"
"ZAR","2013","Q3","0.064537"
"ZAR","2013","Q4","0.0608596666666667"
"ZAR","2014","Q1","0.0556676666666667"
"ZAR","2014","Q2","0.056388"
"ZAR","2014","Q3","0.0556523333333333"
"ZAR","2014","Q4","0.0563156666666667"
"ZAR","2015","Q1","0.0562223333333333"
"ZAR","2015","Q2","0.0540216666666667"
"ZAR","2015","Q3","0.0497166666666667"
"ZAR","2015","Q4","0.0463966666666667"
"AED","2016","Q1","0.190120666666667"
"AED","2016","Q2","0.189924333333333"
"AED","2016","Q3","0.207438666666667"
"ARS","2016","Q1","0.0484746666666667"
"ARS","2016","Q2","0.0490603333333333"
"ARS","2016","Q3","0.05099"
"AUD","2016","Q1","0.504237333333333"
"AUD","2016","Q2","0.520191333333333"
"AUD","2016","Q3","0.577498333333333"
"BGN","2016","Q1","0.393782333333333"
"BGN","2016","Q2","0.402809333333333"
"BGN","2016","Q3","0.434725333333333"
"BHD","2016","Q1","1.85249566666667"
"BHD","2016","Q2","1.85021533333333"
"BHD","2016","Q3","2.02030066666667"
"BRL","2016","Q1","0.179296666666667"
"BRL","2016","Q2","0.198826"
"BRL","2016","Q3","0.234786333333333"
"CAD","2016","Q1","0.509065"
"CAD","2016","Q2","0.541205666666667"
"CAD","2016","Q3","0.584077666666667"
"CHF","2016","Q1","0.703159666666667"
"CHF","2016","Q2","0.71883"
"CHF","2016","Q3","0.780787333333333"
"CLP","2016","Q1","0.000996333333333333"
"CLP","2016","Q2","0.00103"
"CLP","2016","Q3","0.001152"
"CNY","2016","Q1","0.106769"
"CNY","2016","Q2","0.106790666666667"
"CNY","2016","Q3","0.114286333333333"
"CZK","2016","Q1","0.0284943333333333"
"CZK","2016","Q2","0.029136"
"CZK","2016","Q3","0.0314553333333333"
"DKK","2016","Q1","0.103260666666667"
"DKK","2016","Q2","0.105885333333333"
"DKK","2016","Q3","0.114232"
"EUR","2016","Q1","0.770386666666667"
"EUR","2016","Q2","0.787740666666667"
"EUR","2016","Q3","0.850173333333333"
"HKD","2016","Q1","0.0898186666666667"
"HKD","2016","Q2","0.089884"
"HKD","2016","Q3","0.0982286666666667"
"HUF","2016","Q1","0.00247066666666667"
"HUF","2016","Q2","0.002514"
"HUF","2016","Q3","0.002734"
"IDR","2016","Q1","5.16666666666667e-05"
"IDR","2016","Q2","5.23333333333333e-05"
"IDR","2016","Q3","5.8e-05"
"ILS","2016","Q1","0.178798"
"ILS","2016","Q2","0.182844666666667"
"ILS","2016","Q3","0.200215666666667"
"INR","2016","Q1","0.0103473333333333"
"INR","2016","Q2","0.0104296666666667"
"INR","2016","Q3","0.0113823333333333"
"ISK","2016","Q1","0.00544233333333333"
"ISK","2016","Q2","0.00564333333333333"
"ISK","2016","Q3","0.006446"
"JPY","2016","Q1","0.00605733333333333"
"JPY","2016","Q2","0.006467"
"JPY","2016","Q3","0.00744366666666667"
"KRW","2016","Q1","0.000581666666666667"
"KRW","2016","Q2","0.000599666666666667"
"KRW","2016","Q3","0.000679666666666667"
"KWD","2016","Q1","2.314642"
"KWD","2016","Q2","2.313"
"KWD","2016","Q3","2.524898"
"MXN","2016","Q1","0.0387343333333333"
"MXN","2016","Q2","0.0385606666666667"
"MXN","2016","Q3","0.0406273333333333"
"MYR","2016","Q1","0.16683"
"MYR","2016","Q2","0.174183333333333"
"MYR","2016","Q3","0.188081666666667"
"NOK","2016","Q1","0.080898"
"NOK","2016","Q2","0.0845123333333333"
"NOK","2016","Q3","0.0914843333333333"
"NZD","2016","Q1","0.463890333333333"
"NZD","2016","Q2","0.482040666666667"
"NZD","2016","Q3","0.550465"
"OMR","2016","Q1","1.81429466666667"
"OMR","2016","Q2","1.81192833333333"
"OMR","2016","Q3","1.979068"
"PKR","2016","Q1","0.006666"
"PKR","2016","Q2","0.00666333333333333"
"PKR","2016","Q3","0.00728066666666667"
"PLN","2016","Q1","0.17663"
"PLN","2016","Q2","0.180148"
"PLN","2016","Q3","0.195942666666667"
"QAR","2016","Q1","0.191771333333333"
"QAR","2016","Q2","0.191601666666667"
"QAR","2016","Q3","0.209246333333333"
"RON","2016","Q1","0.171440666666667"
"RON","2016","Q2","0.175085"
"RON","2016","Q3","0.190487333333333"
"RUB","2016","Q1","0.009384"
"RUB","2016","Q2","0.01059"
"RUB","2016","Q3","0.011795"
"SAR","2016","Q1","0.186165666666667"
"SAR","2016","Q2","0.186005666666667"
"SAR","2016","Q3","0.203142333333333"
"SEK","2016","Q1","0.082571"
"SEK","2016","Q2","0.0848926666666667"
"SEK","2016","Q3","0.0893836666666667"
"SGD","2016","Q1","0.497995666666667"
"SGD","2016","Q2","0.513669333333333"
"SGD","2016","Q3","0.563273333333333"
"THB","2016","Q1","0.0195916666666667"
"THB","2016","Q2","0.0197796666666667"
"THB","2016","Q3","0.021872"
"TRY","2016","Q1","0.237326"
"TRY","2016","Q2","0.240889333333333"
"TRY","2016","Q3","0.256852666666667"
"TWD","2016","Q1","0.0211026666666667"
"TWD","2016","Q2","0.0215263333333333"
"TWD","2016","Q3","0.024023"
"USD","2016","Q1","0.698286"
"USD","2016","Q2","0.697585"
"USD","2016","Q3","0.761915333333333"
"ZAR","2016","Q1","0.0441823333333333"
"ZAR","2016","Q2","0.0465123333333333"
"ZAR","2016","Q3","0.054101"
"AED","2016","Q4","0.2201595"
"ARS","2016","Q4","0.0534175"
"AUD","2016","Q4","0.617887"
"BGN","2016","Q4","0.4571605"
"BHD","2016","Q4","2.144994"
"BRL","2016","Q4","0.251587"
"CAD","2016","Q4","0.6061365"
"CHF","2016","Q4","0.8239195"
"CLP","2016","Q4","0.0012295"
"CNY","2016","Q4","0.119897"
"CZK","2016","Q4","0.033104"
"DKK","2016","Q4","0.12023"
"EUR","2016","Q4","0.892313"
"HKD","2016","Q4","0.104255"
"HUF","2016","Q4","0.002912"
"IDR","2016","Q4","6.15e-05"
"ILS","2016","Q4","0.212034"
"INR","2016","Q4","0.012104"
"ISK","2016","Q4","0.007166"
"JPY","2016","Q4","0.007778"
"KRW","2016","Q4","0.000711"
"KWD","2016","Q4","2.6684205"
"MXN","2016","Q4","0.0424645"
"MYR","2016","Q4","0.1927115"
"NOK","2016","Q4","0.09892"
"NZD","2016","Q4","0.5837305"
"OMR","2016","Q4","2.0970765"
"PKR","2016","Q4","0.0077255"
"PLN","2016","Q4","0.207296"
"QAR","2016","Q4","0.2220885"
"RON","2016","Q4","0.1988745"
"RUB","2016","Q4","0.0127655"
"SAR","2016","Q4","0.215233"
"SEK","2016","Q4","0.090854"
"SGD","2016","Q4","0.5841175"
"THB","2016","Q4","0.0230585"
"TRY","2016","Q4","0.260699"
"TWD","2016","Q4","0.0255955"
"USD","2016","Q4","0.8086435"
"ZAR","2016","Q4","0.058869"
